{"nodes":["0,8","0,-8","61,2","61,-2","13,7","13,-7","22,6","22,-6","36.99999999999999,5","36.99999999999999,-5","46,4","46,-4","6,0","21,0","23,0","45,0","47,0"],"members":["0,4","1,5","4,6","5,7","2,10","8,10","3,11","9,11","0,12","5,12","1,12","4,12","4,13","7,13","6,13","5,13","9,14","8,14","9,15","10,15","11,15","8,15","10,16","3,16","2,16","11,16","6,8","7,9","14,6","7,14","0,1"],"supports":{"0":"P","1":"Rv"},"forces":["2,-18.8,0","3,-18.8,0"],"workspace":{"workspace-width":100,"workspace-height":30,"workspace-width-pixels":1200,"Yaxis-dist-from-left":11.400327341939018,"Xaxis-dist-from-bottom":14.772238144963612,"grid-x":1,"grid-y":1,"force-scale":10}}