{"nodes":["0,8","0,-8","61,2","61,-2","10,7","10,-7","20,6","20,-6","30,5","30,-5","39.99999999999999,4","39.99999999999999,-4","51,3","51,-3","5,0","15,0","25,0","34.99999999999999,0","46,0","57,0"],"members":["3,2","0,4","1,5","4,6","5,7","6,8","7,9","8,10","9,11","2,12","10,12","3,13","11,13","0,14","5,14","1,14","4,14","4,15","7,15","6,15","5,15","7,16","8,16","9,16","6,16","8,17","11,17","10,17","9,17","11,18","12,18","13,18","10,18","12,19","3,19","2,19","13,19"],"supports":{"0":"P","1":"Rv"},"forces":["2,-18.8,0","3,-18.8,0"],"workspace":{"workspace-width":100,"workspace-height":30,"workspace-width-pixels":1200,"Yaxis-dist-from-left":11.400327341939018,"Xaxis-dist-from-bottom":14.772238144963612,"grid-x":1,"grid-y":1,"force-scale":10}}