{"nodes":["0,8","0,-8","61,0","61,2","61,-2","31,0","31,5","31,-5","21,6","21,-6","11,7","11,-7","21,-2","21,2","11,5","11,-5","51,3","51,-3","51,-1","51,1","40.99999999999999,4","40.99999999999999,-4","40.99999999999999,3","40.99999999999999,-3"],"members":["0,1","4,2","3,2","6,5","7,5","6,8","7,9","0,10","8,10","1,11","9,11","0,14","1,15","14,13","13,5","5,12","12,15","15,11","14,10","13,8","12,9","3,16","4,17","6,20","16,20","7,21","17,21","6,22","7,23","22,19","19,2","2,18","18,23","20,22","23,21","18,17","16,19","6,13","8,14","7,12","9,15","3,19","4,18","16,22","17,23"],"supports":{"0":"P","1":"Rv"},"forces":["3,-12.5,0","2,-12.5,0","4,-12.5,0"],"workspace":{"workspace-width":100,"workspace-height":30,"workspace-width-pixels":1200,"Yaxis-dist-from-left":11.400327341939018,"Xaxis-dist-from-bottom":14.772238144963612,"grid-x":1,"grid-y":1,"force-scale":10}}