{"nodes":["0,8","0,-8","61,2","61,-2","20,6","20,-6","39.99999999999999,4","39.99999999999999,-4","61,0","39.99999999999999,0","20,0","15,2","15,-2","15,-7","15,7","10,4","10,-4","10,-7","10,7","35.99999999999999,1","35.99999999999999,-1","56,1","56,-1","50,3","50,-3","30,-5","30,5"],"members":["0,1","3,8","2,8","4,10","5,10","6,9","7,9","10,11","10,12","0,15","11,15","1,16","12,16","0,18","18,14","14,4","1,17","17,13","13,5","17,16","16,13","13,12","12,5","15,18","11,14","15,14","11,4","9,19","9,20","6,19","7,20","6,21","8,21","8,22","7,22","6,23","2,23","7,24","3,24","24,22","22,3","23,21","21,2","4,19","20,5","5,25","7,25","4,26","6,26","26,19","20,25"],"supports":{"0":"P","1":"Rv"},"forces":["2,-75,0","3,-75,0"],"workspace":{"workspace-width":100,"workspace-height":30,"workspace-width-pixels":1200,"Yaxis-dist-from-left":11.400327341939018,"Xaxis-dist-from-bottom":14.772238144963612,"grid-x":1,"grid-y":1,"force-scale":10}}