{"nodes":["0,8","0,-8","61,0","61,2","61,-2","31,0","31,5","31,-5","20,6","20,-6","20,3","20,-3","12,-5","12,5","51,3","51,-3","49,2","43,3","43,-3","49,-2","12,7","12,-7","43,4","43,-4"],"members":["4,2","3,2","6,5","7,5","6,8","7,9","5,10","5,11","1,12","11,12","0,13","10,13","3,14","4,15","2,16","16,17","7,18","0,1","17,6","18,19","2,19","6,10","7,11","11,9","10,8","8,13","9,12","3,16","4,19","19,15","16,14","15,18","14,17","0,20","8,20","1,21","9,21","6,22","14,22","7,23","15,23","20,13","12,21","22,17","18,23"],"supports":{"0":"P","1":"Rv"},"forces":["3,-12.5,0","4,-12.5,0","2,-12.5,0"],"workspace":{"workspace-width":100,"workspace-height":30,"workspace-width-pixels":1200,"Yaxis-dist-from-left":11.400327341939018,"Xaxis-dist-from-bottom":14.772238144963612,"grid-x":1,"grid-y":1,"force-scale":10}}