{"nodes":["0,10","0,-10","61,3","61,-3","20,7","20,-7","39.99999999999999,5","39.99999999999999,-5","20,0","39.99999999999999,0","61,0","14,3","14,-3","14,8","14,-8","10,5","10,-5","7,9","7,-9","34.99999999999999,2","34.99999999999999,-2","30,6","30,-6","57,1","57,-1","51,4","51,-4"],"members":["0,1","4,8","5,8","6,9","7,9","3,10","2,10","8,11","8,12","4,13","5,14","0,15","11,15","12,16","1,16","0,17","13,17","1,18","14,18","17,15","15,13","13,11","11,4","18,16","16,14","14,12","12,5","4,19","9,19","9,20","5,20","4,21","6,21","7,22","5,22","21,19","19,6","7,20","20,22","6,23","10,23","10,24","7,24","2,25","6,25","3,26","7,26","25,23","23,2","3,24","24,26"],"supports":{"0":"P","1":"Rv"},"forces":["2,-50,0","3,-50,0","10,-50,0"],"workspace":{"workspace-width":100,"workspace-height":30,"workspace-width-pixels":1200,"Yaxis-dist-from-left":11.400327341939018,"Xaxis-dist-from-bottom":14.772238144963612,"grid-x":1,"grid-y":1,"force-scale":10}}